grade,subject,main_chap_num,main_chap,mid_chap_num,mid_chap,small_chap_num,small_chap
고1,공통수학(상),1,다항식,1,다항식의 연산,nan,
고1,공통수학(상),2,방정식과 부등식,1,복소수와 이차방정식,nan,
고1,공통수학(상),2,방정식과 부등식,2,이차방정식과 이차함수,nan,
고1,공통수학(상),2,방정식과 부등식,3,여러 가지 방정식과 부등식,nan,
고1,공통수학(상),3,경우의 수,1,순열과 조합,nan,
고1,공통수학(상),4,행렬,1,행렬과 그 연산,nan,
고1,공통수학(하),1,도형의 방정식,1,평면좌표,nan,
고1,공통수학(하),1,도형의 방정식,2,직선의 방정식,nan,
고1,공통수학(하),1,도형의 방정식,3,원의 방정식,nan,
고1,공통수학(하),1,도형의 방정식,4,도형의 방정식,nan,
고1,공통수학(하),2,집합과 명제,1,집합,1,집합의 개념과 표현
고1,공통수학(하),2,집합과 명제,1,집합,2,집합 사이의 포함 관계
고1,공통수학(하),2,집합과 명제,1,집합,3,집합의 연산
고1,공통수학(하),2,집합과 명제,2,명제,nan,
고1,공통수학(하),3,함수,1,함수,1,함수의 뜻과 그래프
고1,공통수학(하),3,함수,1,함수,2,합성함수
고1,공통수학(하),3,함수,1,함수,3,역함수
고1,공통수학(하),3,함수,2,유리함수와 무리함수,1,유리식과 유리함수
고1,공통수학(하),3,함수,2,유리함수와 무리함수,2,무리식과 무리함수
고2,수학1,1,지수함수와 로그함수,1,지수,1,거듭제곱과 거듭제곱근
고2,수학1,1,지수함수와 로그함수,1,지수,2,지수의 확장과 지수법칙
고2,수학1,1,지수함수와 로그함수,2,로그,1,로그의 뜻과 성질
고2,수학1,1,지수함수와 로그함수,2,로그,2,상용로그
고2,수학1,1,지수함수와 로그함수,3,지수함수,1,지수함수의 뜻과 그래프
고2,수학1,1,지수함수와 로그함수,3,지수함수,2,지수함수의 최대 최소
고2,수학1,1,지수함수와 로그함수,3,지수함수,3,지수방정식과 지수부등식
고2,수학1,1,지수함수와 로그함수,4,로그함수,1,로그함수의 뜻과 그래프
고2,수학1,1,지수함수와 로그함수,4,로그함수,2,로그함수의 최대 최소
고2,수학1,1,지수함수와 로그함수,4,로그함수,3,로그방정식과 로그부등식
고2,수학1,2,삼각함수,1,삼각함수,1,일반각과 호도법
고2,수학1,2,삼각함수,1,삼각함수,2,"삼각함수의 뜻, 삼각함수 사이의 관계"
고2,수학1,2,삼각함수,2,삼각함수의 그래프,1,삼각함수의 그래프
고2,수학1,2,삼각함수,2,삼각함수의 그래프,2,"삼각함수의 주기 및 최대, 최소"
고2,수학1,2,삼각함수,2,삼각함수의 그래프,3,삼각함수를 포함한 방정식과 부등식
고2,수학1,2,삼각함수,3,삼각함수의 활용,1,사인법칙과 코사인 법칙
고2,수학1,2,삼각함수,3,삼각함수의 활용,2,삼각형의 넓이
고2,수학1,3,수열,1,등차수열과 등비수열,1,등차수열
고2,수학1,3,수열,1,등차수열과 등비수열,2,등비수열
고2,수학1,3,수열,2,수열의 합,1,시그마의 뜻과 기본 성질
고2,수학1,3,수열,2,수열의 합,2,여러 가지 수열의 합
고2,수학1,3,수열,3,수학적 귀납법,1,수열의 귀납적 정의
고2,수학1,3,수열,3,수학적 귀납법,2,수학적 귀납법
고2,수학2,1,함수의 극한과 연속,1,함수의 극한,1,함수의 극한
고2,수학2,1,함수의 극한과 연속,1,함수의 극한,2,함수의 극한에 대한 성질
고2,수학2,1,함수의 극한과 연속,2,함수의 연속,1,함수의 연속
고2,수학2,1,함수의 극한과 연속,2,함수의 연속,2,연속함수의 성질
고2,수학2,2,미분,1,미분계수와 도함수,1,미분계수
고2,수학2,2,미분,1,미분계수와 도함수,2,도함수
고2,수학2,2,미분,2,도함수의 활용,1,접선의 방정식과 평균값 정리
고2,수학2,2,미분,2,도함수의 활용,2,"함수의 극대, 극소와 그래프"
고2,수학2,2,미분,2,도함수의 활용,3,도함수의 활용
고2,수학2,3,적분,1,부정적분,1,부정적분
고2,수학2,3,적분,2,정적분,1,정적분
고2,수학2,3,적분,2,정적분,2,다항함수의 정적분
고2,수학2,3,적분,3,정적분의 활용,1,넓이
고2,수학2,3,적분,3,정적분의 활용,2,속도와 거리
고3,확률과 통계,1,경우의 수,1,순열과 조합,1,여러 가지 순열
고3,확률과 통계,1,경우의 수,1,순열과 조합,2,중복조합
고3,확률과 통계,1,경우의 수,2,이항정리,1,이항정리
고3,확률과 통계,2,확률,1,확률의 뜻과 활용,1,확률의 뜻과 기본 성질
고3,확률과 통계,2,확률,1,확률의 뜻과 활용,2,확률의 덧셈정리
고3,확률과 통계,2,확률,2,조건부확률,1,조건부확률
고3,확률과 통계,2,확률,2,조건부확률,2,사건의 독립과 종속
고3,확률과 통계,3,통계,1,확률분포,1,이산확률변수와 확률분포
고3,확률과 통계,3,통계,1,확률분포,2,이항분포
고3,확률과 통계,3,통계,1,확률분포,3,연속확률변수와 확률분포
고3,확률과 통계,3,통계,1,확률분포,4,정규분포
고3,확률과 통계,3,통계,2,통계적 추정,1,모집단과 표본
고3,확률과 통계,3,통계,2,통계적 추정,2,모평균의 추정
고3,미적분,1,수열의 극한,1,수열의 극한,1,수열의 극한
고3,미적분,1,수열의 극한,1,수열의 극한,2,등비수열의 극한
고3,미적분,1,수열의 극한,2,급수,1,급수의 수렴과 발산
고3,미적분,2,미분법,1,여러 가지 함수의 미분,1,지수함수와 로그함수의 미분
고3,미적분,2,미분법,1,여러 가지 함수의 미분,2,삼각함수의 덧셈정리
고3,미적분,2,미분법,1,여러 가지 함수의 미분,3,삼각함수의 미분
고3,미적분,2,미분법,2,여러 가지 미분법,1,몫의 미분법과 합성함수 미분법
고3,미적분,2,미분법,2,여러 가지 미분법,2,여러 가지 미분법
고3,미적분,2,미분법,3,도함수의 활용,1,접선의 방정식
고3,미적분,2,미분법,3,도함수의 활용,2,함수의 극대와 극소
고3,미적분,2,미분법,3,도함수의 활용,3,도함수의 활용
